ODB Name,Step,Frame,Part Instance Name,    Node Label,X,Y,Z,Section Name,Material Name,Section Point,   U-Magnitude,          U-U1,          U-U2,          U-U3,  UR-Magnitude,        UR-UR1,        UR-UR2,        UR-UR3
"C:/temp/ModalAnalysis.odb,Modal,Increment      0: Base State,""LINK-1"",             1,            0.,            0.,            0.,NA,NA,"""",            0.,            0.,            0.,            0.,            0.,            0.,            0.,            0."
"C:/temp/ModalAnalysis.odb,Modal,Increment      0: Base State,""LINK-1"",             2,           20.,            0.,            0.,NA,NA,"""",            0.,            0.,            0.,            0.,            0.,            0.,            0.,            0."
"C:/temp/ModalAnalysis.odb,Modal,Increment      0: Base State,""LINK-1"",             3,           40.,            0.,            0.,NA,NA,"""",            0.,            0.,            0.,            0.,            0.,            0.,            0.,            0."
"C:/temp/ModalAnalysis.odb,Modal,Increment      0: Base State,""LINK-1"",             4,           60.,            0.,            0.,NA,NA,"""",            0.,            0.,            0.,            0.,            0.,            0.,            0.,            0."
"C:/temp/ModalAnalysis.odb,Modal,Increment      0: Base State,""LINK-1"",             5,           80.,            0.,            0.,NA,NA,"""",            0.,            0.,            0.,            0.,            0.,            0.,            0.,            0."
"C:/temp/ModalAnalysis.odb,Modal,Increment      0: Base State,""LINK-1"",             6,          100.,            0.,            0.,NA,NA,"""",            0.,            0.,            0.,            0.,            0.,            0.,            0.,            0."
"C:/temp/ModalAnalysis.odb,Modal,Increment      0: Base State,""LINK-1"",             7,          120.,            0.,            0.,NA,NA,"""",            0.,            0.,            0.,            0.,            0.,            0.,            0.,            0."
"C:/temp/ModalAnalysis.odb,Modal,Increment      0: Base State,""LINK-1"",             8,          140.,            0.,            0.,NA,NA,"""",            0.,            0.,            0.,            0.,            0.,            0.,            0.,            0."
"C:/temp/ModalAnalysis.odb,Modal,Increment      0: Base State,""LINK-1"",             9,          160.,            0.,            0.,NA,NA,"""",            0.,            0.,            0.,            0.,            0.,            0.,            0.,            0."
"C:/temp/ModalAnalysis.odb,Modal,Increment      0: Base State,""LINK-1"",            10,          180.,            0.,            0.,NA,NA,"""",            0.,            0.,            0.,            0.,            0.,            0.,            0.,            0."
"C:/temp/ModalAnalysis.odb,Modal,Increment      0: Base State,""LINK-1"",            11,          200.,            0.,            0.,NA,NA,"""",            0.,            0.,            0.,            0.,            0.,            0.,            0.,            0."
"C:/temp/ModalAnalysis.odb,Modal,Increment      0: Base State,""LINK-1"",            12,          220.,            0.,            0.,NA,NA,"""",            0.,            0.,            0.,            0.,            0.,            0.,            0.,            0."
"C:/temp/ModalAnalysis.odb,Modal,Increment      0: Base State,""LINK-1"",            13,          240.,            0.,            0.,NA,NA,"""",            0.,            0.,            0.,            0.,            0.,            0.,            0.,            0."
"C:/temp/ModalAnalysis.odb,Modal,Increment      0: Base State,""LINK-1"",            14,          260.,            0.,            0.,NA,NA,"""",            0.,            0.,            0.,            0.,            0.,            0.,            0.,            0."
"C:/temp/ModalAnalysis.odb,Modal,Increment      0: Base State,""LINK-1"",            15,          280.,            0.,            0.,NA,NA,"""",            0.,            0.,            0.,            0.,            0.,            0.,            0.,            0."
"C:/temp/ModalAnalysis.odb,Modal,Increment      0: Base State,""LINK-1"",            16,          300.,            0.,            0.,NA,NA,"""",            0.,            0.,            0.,            0.,            0.,            0.,            0.,            0."
"C:/temp/ModalAnalysis.odb,Modal,Increment      0: Base State,""LINK-1"",            17,          320.,            0.,            0.,NA,NA,"""",            0.,            0.,            0.,            0.,            0.,            0.,            0.,            0."
"C:/temp/ModalAnalysis.odb,Modal,Increment      0: Base State,""LINK-1"",            18,          340.,            0.,            0.,NA,NA,"""",            0.,            0.,            0.,            0.,            0.,            0.,            0.,            0."
"C:/temp/ModalAnalysis.odb,Modal,Increment      0: Base State,""LINK-1"",            19,          360.,            0.,            0.,NA,NA,"""",            0.,            0.,            0.,            0.,            0.,            0.,            0.,            0."
"C:/temp/ModalAnalysis.odb,Modal,Increment      0: Base State,""LINK-1"",            20,          380.,            0.,            0.,NA,NA,"""",            0.,            0.,            0.,            0.,            0.,            0.,            0.,            0."
"C:/temp/ModalAnalysis.odb,Modal,Increment      0: Base State,""LINK-1"",            21,          400.,            0.,            0.,NA,NA,"""",            0.,            0.,            0.,            0.,            0.,            0.,            0.,            0."
"C:/temp/ModalAnalysis.odb,Modal,Increment      0: Base State,""LINK-1"",            22,          420.,            0.,            0.,NA,NA,"""",            0.,            0.,            0.,            0.,            0.,            0.,            0.,            0."
"C:/temp/ModalAnalysis.odb,Modal,Increment      0: Base State,""LINK-1"",            23,          440.,            0.,            0.,NA,NA,"""",            0.,            0.,            0.,            0.,            0.,            0.,            0.,            0."
"C:/temp/ModalAnalysis.odb,Modal,Increment      0: Base State,""LINK-1"",            24,          460.,            0.,            0.,NA,NA,"""",            0.,            0.,            0.,            0.,            0.,            0.,            0.,            0."
"C:/temp/ModalAnalysis.odb,Modal,Increment      0: Base State,""LINK-1"",            25,          480.,            0.,            0.,NA,NA,"""",            0.,            0.,            0.,            0.,            0.,            0.,            0.,            0."
"C:/temp/ModalAnalysis.odb,Modal,Increment      0: Base State,""LINK-1"",            26,          500.,            0.,            0.,NA,NA,"""",            0.,            0.,            0.,            0.,            0.,            0.,            0.,            0."
"C:/temp/ModalAnalysis.odb,Modal,Mode         1: Value =   67468.     Freq =   41.340     (cycles/time),""LINK-1"",             1,            0.,            0.,            0.,NA,NA,"""",            0.,            0.,            0.,            0.,            0.,            0.,            0.,            0."
"C:/temp/ModalAnalysis.odb,Modal,Mode         1: Value =   67468.     Freq =   41.340     (cycles/time),""LINK-1"",             2,           20.,            0.,            0.,NA,NA,"""",   167.072E-03,  -677.956E-18,  -76.3547E-03,  -148.604E-03,   13.9036E-03,   144.345E-18,   12.3667E-03,  -6.35418E-03"
"C:/temp/ModalAnalysis.odb,Modal,Mode         1: Value =   67468.     Freq =   41.340     (cycles/time),""LINK-1"",             3,           40.,            0.,            0.,NA,NA,"""",   604.351E-03,  -653.233E-18,  -276.198E-03,  -537.545E-03,   27.0215E-03,   265.474E-18,   24.0345E-03,  -12.3493E-03"
"C:/temp/ModalAnalysis.odb,Modal,Mode         1: Value =   67468.     Freq =   41.340     (cycles/time),""LINK-1"",             4,           60.,            0.,            0.,NA,NA,"""",       1.29610,  -449.366E-18,  -592.338E-03,      -1.15283,   39.3541E-03,   256.145E-18,   35.0039E-03,  -17.9855E-03"
"C:/temp/ModalAnalysis.odb,Modal,Mode         1: Value =   67468.     Freq =   41.340     (cycles/time),""LINK-1"",             5,           80.,            0.,            0.,NA,NA,"""",       2.22659,  -552.181E-18,      -1.01759,      -1.98046,   50.9026E-03,   3.27059E-18,   45.2758E-03,  -23.2633E-03"
"C:/temp/ModalAnalysis.odb,Modal,Mode         1: Value =   67468.     Freq =   41.340     (cycles/time),""LINK-1"",             6,          100.,            0.,            0.,NA,NA,"""",       3.38011,  -724.773E-18,      -1.54476,      -3.00647,   61.6697E-03,   232.181E-18,   54.8526E-03,  -28.1840E-03"
"C:/temp/ModalAnalysis.odb,Modal,Mode         1: Value =   67468.     Freq =   41.340     (cycles/time),""LINK-1"",             7,          120.,            0.,            0.,NA,NA,"""",       4.74101,  -1.02938E-15,      -2.16672,      -4.21693,   71.6594E-03,   43.3217E-18,   63.7380E-03,  -32.7495E-03"
"C:/temp/ModalAnalysis.odb,Modal,Mode         1: Value =   67468.     Freq =   41.340     (cycles/time),""LINK-1"",             8,          140.,            0.,            0.,NA,NA,"""",       6.29373,  -1.10971E-15,      -2.87633,      -5.59801,   80.8779E-03,   313.571E-18,   71.9375E-03,  -36.9625E-03"
"C:/temp/ModalAnalysis.odb,Modal,Mode         1: Value =   67468.     Freq =   41.340     (cycles/time),""LINK-1"",             9,          160.,            0.,            0.,NA,NA,"""",       8.02285,  -1.30775E-15,      -3.66657,      -7.13599,   89.3337E-03,   468.719E-18,   79.4586E-03,  -40.8269E-03"
"C:/temp/ModalAnalysis.odb,Modal,Mode         1: Value =   67468.     Freq =   41.340     (cycles/time),""LINK-1"",            10,          180.,            0.,            0.,NA,NA,"""",       9.91311,  -1.77312E-15,      -4.53045,      -8.81730,   97.0377E-03,   659.968E-18,   86.3110E-03,  -44.3478E-03"
"C:/temp/ModalAnalysis.odb,Modal,Mode         1: Value =   67468.     Freq =   41.340     (cycles/time),""LINK-1"",            11,          200.,            0.,            0.,NA,NA,"""",       11.9495,  -2.54893E-15,      -5.46112,      -10.6286,   104.004E-03,   212.913E-18,   92.5071E-03,  -47.5314E-03"
"C:/temp/ModalAnalysis.odb,Modal,Mode         1: Value =   67468.     Freq =   41.340     (cycles/time),""LINK-1"",            12,          220.,            0.,            0.,NA,NA,"""",       14.1174,  -2.88681E-15,      -6.45187,      -12.5568,   110.249E-03,   131.062E-18,   98.0618E-03,  -50.3855E-03"
"C:/temp/ModalAnalysis.odb,Modal,Mode         1: Value =   67468.     Freq =   41.340     (cycles/time),""LINK-1"",            13,          240.,            0.,            0.,NA,NA,"""",       16.4024,  -3.53551E-15,      -7.49614,      -14.5892,   115.793E-03,   744.443E-18,   102.993E-03,  -52.9192E-03"
"C:/temp/ModalAnalysis.odb,Modal,Mode         1: Value =   67468.     Freq =   41.340     (cycles/time),""LINK-1"",            14,          260.,            0.,            0.,NA,NA,"""",       18.7906,  -4.56206E-15,      -8.58758,      -16.7134,   120.660E-03,   388.579E-18,   107.322E-03,  -55.1435E-03"
"C:/temp/ModalAnalysis.odb,Modal,Mode         1: Value =   67468.     Freq =   41.340     (cycles/time),""LINK-1"",            15,          280.,            0.,            0.,NA,NA,"""",       21.2685,  -5.19191E-15,      -9.72005,      -18.9175,   124.877E-03,   85.3623E-18,   111.073E-03,  -57.0707E-03"
"C:/temp/ModalAnalysis.odb,Modal,Mode         1: Value =   67468.     Freq =   41.340     (cycles/time),""LINK-1"",            16,          300.,            0.,            0.,NA,NA,"""",       23.8235,  -5.67592E-15,      -10.8877,      -21.1900,   128.475E-03,   377.744E-18,   114.273E-03,  -58.7150E-03"
"C:/temp/ModalAnalysis.odb,Modal,Mode         1: Value =   67468.     Freq =   41.340     (cycles/time),""LINK-1"",            17,          320.,            0.,            0.,NA,NA,"""",       26.4432,  -5.56353E-15,      -12.0850,      -23.5201,   131.489E-03,   577.358E-18,   116.954E-03,  -60.0924E-03"
"C:/temp/ModalAnalysis.odb,Modal,Mode         1: Value =   67468.     Freq =   41.340     (cycles/time),""LINK-1"",            18,          340.,            0.,            0.,NA,NA,"""",       29.1163,  -5.80115E-15,      -13.3066,      -25.8977,   133.958E-03,   759.024E-18,   119.150E-03,  -61.2209E-03"
"C:/temp/ModalAnalysis.odb,Modal,Mode         1: Value =   67468.     Freq =   41.340     (cycles/time),""LINK-1"",            19,          360.,            0.,            0.,NA,NA,"""",       31.8322,  -5.70031E-15,      -14.5478,      -28.3134,   135.925E-03,   542.160E-18,   120.900E-03,  -62.1200E-03"
"C:/temp/ModalAnalysis.odb,Modal,Mode         1: Value =   67468.     Freq =   41.340     (cycles/time),""LINK-1"",            20,          380.,            0.,            0.,NA,NA,"""",       34.5810,  -5.46649E-15,      -15.8041,      -30.7584,   137.438E-03,   438.527E-18,   122.246E-03,  -62.8114E-03"
"C:/temp/ModalAnalysis.odb,Modal,Mode         1: Value =   67468.     Freq =   41.340     (cycles/time),""LINK-1"",            21,          400.,            0.,            0.,NA,NA,"""",       37.3542,  -5.25480E-15,      -17.0715,      -33.2251,   138.548E-03,   59.1183E-18,   123.233E-03,  -63.3187E-03"
"C:/temp/ModalAnalysis.odb,Modal,Mode         1: Value =   67468.     Freq =   41.340     (cycles/time),""LINK-1"",            22,          420.,            0.,            0.,NA,NA,"""",       40.1441,  -4.52227E-15,      -18.3465,      -35.7065,   139.311E-03,   85.9757E-18,   123.912E-03,  -63.6675E-03"
"C:/temp/ModalAnalysis.odb,Modal,Mode         1: Value =   67468.     Freq =   41.340     (cycles/time),""LINK-1"",            23,          440.,            0.,            0.,NA,NA,"""",       42.9441,  -3.88549E-15,      -19.6261,      -38.1970,   139.788E-03,   104.187E-18,   124.335E-03,  -63.8852E-03"
"C:/temp/ModalAnalysis.odb,Modal,Mode         1: Value =   67468.     Freq =   41.340     (cycles/time),""LINK-1"",            24,          460.,            0.,            0.,NA,NA,"""",       45.7491,  -3.58125E-15,      -20.9081,      -40.6919,   140.042E-03,   336.534E-18,   124.562E-03,  -64.0014E-03"
"C:/temp/ModalAnalysis.odb,Modal,Mode         1: Value =   67468.     Freq =   41.340     (cycles/time),""LINK-1"",            25,          480.,            0.,            0.,NA,NA,"""",       48.5551,  -3.63111E-15,      -22.1904,      -43.1877,   140.143E-03,   719.474E-18,   124.651E-03,  -64.0475E-03"
"C:/temp/ModalAnalysis.odb,Modal,Mode         1: Value =   67468.     Freq =   41.340     (cycles/time),""LINK-1"",            26,          500.,            0.,            0.,NA,NA,"""",       51.3595,  -3.35486E-15,      -23.4721,      -45.6822,   140.164E-03,   1.04313E-15,   124.670E-03,  -64.0572E-03"
"C:/temp/ModalAnalysis.odb,Modal,Mode         2: Value =   67468.     Freq =   41.340     (cycles/time),""LINK-1"",             1,            0.,            0.,            0.,NA,NA,"""",            0.,            0.,            0.,            0.,            0.,            0.,            0.,            0."
"C:/temp/ModalAnalysis.odb,Modal,Mode         2: Value =   67468.     Freq =   41.340     (cycles/time),""LINK-1"",             2,           20.,            0.,            0.,NA,NA,"""",   167.072E-03,  -706.796E-18,   148.604E-03,  -76.3547E-03,   13.9036E-03,  -425.966E-18,   6.35418E-03,   12.3667E-03"
"C:/temp/ModalAnalysis.odb,Modal,Mode         2: Value =   67468.     Freq =   41.340     (cycles/time),""LINK-1"",             3,           40.,            0.,            0.,NA,NA,"""",   604.351E-03,  -378.016E-18,   537.545E-03,  -276.198E-03,   27.0215E-03,   95.4337E-18,   12.3493E-03,   24.0345E-03"
"C:/temp/ModalAnalysis.odb,Modal,Mode         2: Value =   67468.     Freq =   41.340     (cycles/time),""LINK-1"",             4,           60.,            0.,            0.,NA,NA,"""",       1.29610,  -256.999E-18,       1.15283,  -592.338E-03,   39.3541E-03,   570.484E-18,   17.9855E-03,   35.0039E-03"
"C:/temp/ModalAnalysis.odb,Modal,Mode         2: Value =   67468.     Freq =   41.340     (cycles/time),""LINK-1"",             5,           80.,            0.,            0.,NA,NA,"""",       2.22659,  -643.742E-18,       1.98046,      -1.01759,   50.9026E-03,  -533.224E-18,   23.2633E-03,   45.2758E-03"
"C:/temp/ModalAnalysis.odb,Modal,Mode         2: Value =   67468.     Freq =   41.340     (cycles/time),""LINK-1"",             6,          100.,            0.,            0.,NA,NA,"""",       3.38011,  -1.58771E-15,       3.00647,      -1.54476,   61.6697E-03,  -305.563E-18,   28.1840E-03,   54.8526E-03"
"C:/temp/ModalAnalysis.odb,Modal,Mode         2: Value =   67468.     Freq =   41.340     (cycles/time),""LINK-1"",             7,          120.,            0.,            0.,NA,NA,"""",       4.74101,  -2.28673E-15,       4.21693,      -2.16672,   71.6594E-03,  -71.5969E-18,   32.7495E-03,   63.7380E-03"
"C:/temp/ModalAnalysis.odb,Modal,Mode         2: Value =   67468.     Freq =   41.340     (cycles/time),""LINK-1"",             8,          140.,            0.,            0.,NA,NA,"""",       6.29373,  -4.38087E-15,       5.59801,      -2.87633,   80.8779E-03,  -184.230E-18,   36.9625E-03,   71.9375E-03"
"C:/temp/ModalAnalysis.odb,Modal,Mode         2: Value =   67468.     Freq =   41.340     (cycles/time),""LINK-1"",             9,          160.,            0.,            0.,NA,NA,"""",       8.02285,  -5.58578E-15,       7.13599,      -3.66657,   89.3337E-03,  -626.837E-18,   40.8269E-03,   79.4586E-03"
"C:/temp/ModalAnalysis.odb,Modal,Mode         2: Value =   67468.     Freq =   41.340     (cycles/time),""LINK-1"",            10,          180.,            0.,            0.,NA,NA,"""",       9.91311,  -6.63081E-15,       8.81730,      -4.53045,   97.0377E-03,   671.075E-18,   44.3478E-03,   86.3110E-03"
"C:/temp/ModalAnalysis.odb,Modal,Mode         2: Value =   67468.     Freq =   41.340     (cycles/time),""LINK-1"",            11,          200.,            0.,            0.,NA,NA,"""",       11.9495,  -8.29401E-15,       10.6286,      -5.46112,   104.004E-03,  -312.887E-18,   47.5314E-03,   92.5071E-03"
"C:/temp/ModalAnalysis.odb,Modal,Mode         2: Value =   67468.     Freq =   41.340     (cycles/time),""LINK-1"",            12,          220.,            0.,            0.,NA,NA,"""",       14.1174,  -7.33438E-15,       12.5568,      -6.45187,   110.249E-03,  -633.127E-18,   50.3855E-03,   98.0618E-03"
"C:/temp/ModalAnalysis.odb,Modal,Mode         2: Value =   67468.     Freq =   41.340     (cycles/time),""LINK-1"",            13,          240.,            0.,            0.,NA,NA,"""",       16.4024,  -7.54391E-15,       14.5892,      -7.49614,   115.793E-03,  -368.485E-18,   52.9192E-03,   102.993E-03"
"C:/temp/ModalAnalysis.odb,Modal,Mode         2: Value =   67468.     Freq =   41.340     (cycles/time),""LINK-1"",            14,          260.,            0.,            0.,NA,NA,"""",       18.7906,  -8.68865E-15,       16.7134,      -8.58758,   120.660E-03,   555.111E-18,   55.1435E-03,   107.322E-03"
"C:/temp/ModalAnalysis.odb,Modal,Mode         2: Value =   67468.     Freq =   41.340     (cycles/time),""LINK-1"",            15,          280.,            0.,            0.,NA,NA,"""",       21.2685,  -8.94083E-15,       18.9175,      -9.72005,   124.877E-03,   129.860E-18,   57.0707E-03,   111.073E-03"
"C:/temp/ModalAnalysis.odb,Modal,Mode         2: Value =   67468.     Freq =   41.340     (cycles/time),""LINK-1"",            16,          300.,            0.,            0.,NA,NA,"""",       23.8235,  -8.57545E-15,       21.1900,      -10.8877,   128.475E-03,  -341.941E-18,   58.7150E-03,   114.273E-03"
"C:/temp/ModalAnalysis.odb,Modal,Mode         2: Value =   67468.     Freq =   41.340     (cycles/time),""LINK-1"",            17,          320.,            0.,            0.,NA,NA,"""",       26.4432,  -8.96909E-15,       23.5201,      -12.0850,   131.489E-03,  -147.352E-18,   60.0924E-03,   116.954E-03"
"C:/temp/ModalAnalysis.odb,Modal,Mode         2: Value =   67468.     Freq =   41.340     (cycles/time),""LINK-1"",            18,          340.,            0.,            0.,NA,NA,"""",       29.1163,  -10.1269E-15,       25.8977,      -13.3066,   133.958E-03,   554.336E-18,   61.2209E-03,   119.150E-03"
"C:/temp/ModalAnalysis.odb,Modal,Mode         2: Value =   67468.     Freq =   41.340     (cycles/time),""LINK-1"",            19,          360.,            0.,            0.,NA,NA,"""",       31.8322,  -11.5325E-15,       28.3134,      -14.5478,   135.925E-03,  -179.092E-18,   62.1200E-03,   120.900E-03"
"C:/temp/ModalAnalysis.odb,Modal,Mode         2: Value =   67468.     Freq =   41.340     (cycles/time),""LINK-1"",            20,          380.,            0.,            0.,NA,NA,"""",       34.5810,  -13.6263E-15,       30.7584,      -15.8041,   137.438E-03,   330.592E-18,   62.8114E-03,   122.246E-03"
"C:/temp/ModalAnalysis.odb,Modal,Mode         2: Value =   67468.     Freq =   41.340     (cycles/time),""LINK-1"",            21,          400.,            0.,            0.,NA,NA,"""",       37.3542,  -14.8255E-15,       33.2251,      -17.0715,   138.548E-03,  -530.850E-18,   63.3187E-03,   123.233E-03"
"C:/temp/ModalAnalysis.odb,Modal,Mode         2: Value =   67468.     Freq =   41.340     (cycles/time),""LINK-1"",            22,          420.,            0.,            0.,NA,NA,"""",       40.1441,  -15.3217E-15,       35.7065,      -18.3465,   139.311E-03,  -33.1374E-18,   63.6675E-03,   123.912E-03"
"C:/temp/ModalAnalysis.odb,Modal,Mode         2: Value =   67468.     Freq =   41.340     (cycles/time),""LINK-1"",            23,          440.,            0.,            0.,NA,NA,"""",       42.9441,  -17.6634E-15,       38.1970,      -19.6261,   139.788E-03,  -76.3917E-18,   63.8852E-03,   124.335E-03"
"C:/temp/ModalAnalysis.odb,Modal,Mode         2: Value =   67468.     Freq =   41.340     (cycles/time),""LINK-1"",            24,          460.,            0.,            0.,NA,NA,"""",       45.7491,  -18.8767E-15,       40.6919,      -20.9081,   140.042E-03,   208.220E-18,   64.0014E-03,   124.562E-03"
"C:/temp/ModalAnalysis.odb,Modal,Mode         2: Value =   67468.     Freq =   41.340     (cycles/time),""LINK-1"",            25,          480.,            0.,            0.,NA,NA,"""",       48.5551,  -19.8794E-15,       43.1877,      -22.1904,   140.143E-03,   240.797E-18,   64.0475E-03,   124.651E-03"
"C:/temp/ModalAnalysis.odb,Modal,Mode         2: Value =   67468.     Freq =   41.340     (cycles/time),""LINK-1"",            26,          500.,            0.,            0.,NA,NA,"""",       51.3595,  -19.9639E-15,       45.6822,      -23.4721,   140.164E-03,  -971.564E-18,   64.0572E-03,   124.670E-03"
"C:/temp/ModalAnalysis.odb,Modal,Mode         3: Value =  2.40821E+06 Freq =   246.98     (cycles/time),""LINK-1"",             1,            0.,            0.,            0.,NA,NA,"""",            0.,            0.,            0.,            0.,            0.,            0.,            0.,            0."
"C:/temp/ModalAnalysis.odb,Modal,Mode         3: Value =  2.40821E+06 Freq =   246.98     (cycles/time),""LINK-1"",             2,           20.,            0.,            0.,NA,NA,"""",       1.29413,   13.8442E-15,       1.04613,  -761.831E-03,   73.2492E-03,   3.84560E-15,   43.1206E-03,   59.2120E-03"
"C:/temp/ModalAnalysis.odb,Modal,Mode         3: Value =  2.40821E+06 Freq =   246.98     (cycles/time),""LINK-1"",             3,           40.,            0.,            0.,NA,NA,"""",       3.89323,   21.6757E-15,       3.14715,      -2.29188,   130.754E-03,  -1.57902E-15,   76.9725E-03,   105.697E-03"
"C:/temp/ModalAnalysis.odb,Modal,Mode         3: Value =  2.40821E+06 Freq =   246.98     (cycles/time),""LINK-1"",             4,           60.,            0.,            0.,NA,NA,"""",       7.47838,   28.9573E-15,       6.04525,      -4.40239,   172.625E-03,  -5.68740E-15,   101.621E-03,   139.543E-03"
"C:/temp/ModalAnalysis.odb,Modal,Mode         3: Value =  2.40821E+06 Freq =   246.98     (cycles/time),""LINK-1"",             5,           80.,            0.,            0.,NA,NA,"""",       11.7327,   43.8592E-15,       9.48430,      -6.90684,   199.153E-03,   7.26884E-15,   117.238E-03,   160.988E-03"
"C:/temp/ModalAnalysis.odb,Modal,Mode         3: Value =  2.40821E+06 Freq =   246.98     (cycles/time),""LINK-1"",             6,          100.,            0.,            0.,NA,NA,"""",       16.3461,   63.5802E-15,       13.2136,      -9.62268,   210.856E-03,   1.42782E-15,   124.127E-03,   170.448E-03"
"C:/temp/ModalAnalysis.odb,Modal,Mode         3: Value =  2.40821E+06 Freq =   246.98     (cycles/time),""LINK-1"",             7,          120.,            0.,            0.,NA,NA,"""",       21.0207,   81.4697E-15,       16.9924,      -12.3745,   208.506E-03,  -2.95326E-15,   122.744E-03,   168.549E-03"
"C:/temp/ModalAnalysis.odb,Modal,Mode         3: Value =  2.40821E+06 Freq =   246.98     (cycles/time),""LINK-1"",             8,          140.,            0.,            0.,NA,NA,"""",       25.4765,   115.748E-15,       20.5943,      -14.9976,   193.142E-03,  -2.80113E-15,   113.699E-03,   156.129E-03"
"C:/temp/ModalAnalysis.odb,Modal,Mode         3: Value =  2.40821E+06 Freq =   246.98     (cycles/time),""LINK-1"",             9,          160.,            0.,            0.,NA,NA,"""",       29.4574,   139.157E-15,       23.8123,      -17.3411,   166.061E-03,   2.51038E-15,   97.7575E-03,   134.238E-03"
"C:/temp/ModalAnalysis.odb,Modal,Mode         3: Value =  2.40821E+06 Freq =   246.98     (cycles/time),""LINK-1"",            10,          180.,            0.,            0.,NA,NA,"""",       32.7367,   158.516E-15,       26.4631,      -19.2715,   128.805E-03,  -6.91102E-15,   75.8252E-03,   104.121E-03"
"C:/temp/ModalAnalysis.odb,Modal,Mode         3: Value =  2.40821E+06 Freq =   246.98     (cycles/time),""LINK-1"",            11,          200.,            0.,            0.,NA,NA,"""",       35.1216,   184.140E-15,       28.3911,      -20.6755,   83.1190E-03,   955.153E-18,   48.9307E-03,   67.1904E-03"
"C:/temp/ModalAnalysis.odb,Modal,Mode         3: Value =  2.40821E+06 Freq =   246.98     (cycles/time),""LINK-1"",            12,          220.,            0.,            0.,NA,NA,"""",       36.4582,   178.038E-15,       29.4715,      -21.4623,   30.9128E-03,   6.11640E-15,   18.1978E-03,   24.9888E-03"
"C:/temp/ModalAnalysis.odb,Modal,Mode         3: Value =  2.40821E+06 Freq =   246.98     (cycles/time),""LINK-1"",            13,          240.,            0.,            0.,NA,NA,"""",       36.6333,   181.763E-15,       29.6131,      -21.5654,   25.7977E-03,   2.18082E-15,  -15.1867E-03,  -20.8540E-03"
"C:/temp/ModalAnalysis.odb,Modal,Mode         3: Value =  2.40821E+06 Freq =   246.98     (cycles/time),""LINK-1"",            14,          260.,            0.,            0.,NA,NA,"""",       35.5773,   191.734E-15,       28.7594,      -20.9438,   84.9521E-03,  -6.68269E-15,  -50.0099E-03,  -68.6722E-03"
"C:/temp/ModalAnalysis.odb,Modal,Mode         3: Value =  2.40821E+06 Freq =   246.98     (cycles/time),""LINK-1"",            15,          280.,            0.,            0.,NA,NA,"""",       33.2637,   194.882E-15,       26.8892,      -19.5818,   144.513E-03,  -1.44446E-15,  -85.0722E-03,  -116.819E-03"
"C:/temp/ModalAnalysis.odb,Modal,Mode         3: Value =  2.40821E+06 Freq =   246.98     (cycles/time),""LINK-1"",            16,          300.,            0.,            0.,NA,NA,"""",       29.7084,   191.383E-15,       24.0152,      -17.4888,   202.536E-03,   4.78400E-15,  -119.229E-03,  -163.722E-03"
"C:/temp/ModalAnalysis.odb,Modal,Mode         3: Value =  2.40821E+06 Freq =   246.98     (cycles/time),""LINK-1"",            17,          320.,            0.,            0.,NA,NA,"""",       24.9669,   195.568E-15,       20.1824,      -14.6976,   257.240E-03,   2.93737E-15,  -151.433E-03,  -207.943E-03"
"C:/temp/ModalAnalysis.odb,Modal,Mode         3: Value =  2.40821E+06 Freq =   246.98     (cycles/time),""LINK-1"",            18,          340.,            0.,            0.,NA,NA,"""",       19.1307,   211.284E-15,       15.4646,      -11.2619,   307.077E-03,  -3.16722E-15,  -180.771E-03,  -248.230E-03"
"C:/temp/ModalAnalysis.odb,Modal,Mode         3: Value =  2.40821E+06 Freq =   246.98     (cycles/time),""LINK-1"",            19,          360.,            0.,            0.,NA,NA,"""",       12.3210,   234.069E-15,       9.95984,      -7.25315,   350.795E-03,   3.34838E-15,  -206.507E-03,  -283.570E-03"
"C:/temp/ModalAnalysis.odb,Modal,Mode         3: Value =  2.40821E+06 Freq =   246.98     (cycles/time),""LINK-1"",            20,          380.,            0.,            0.,NA,NA,"""",       4.68269,   263.963E-15,       3.78531,      -2.75662,   387.497E-03,  -3.83352E-15,  -228.113E-03,  -313.238E-03"
"C:/temp/ModalAnalysis.odb,Modal,Mode         3: Value =  2.40821E+06 Freq =   246.98     (cycles/time),""LINK-1"",            21,          400.,            0.,            0.,NA,NA,"""",       3.62381,   290.383E-15,      -2.92936,       2.13327,   416.688E-03,   6.72070E-15,  -245.297E-03,  -336.836E-03"
"C:/temp/ModalAnalysis.odb,Modal,Mode         3: Value =  2.40821E+06 Freq =   246.98     (cycles/time),""LINK-1"",            22,          420.,            0.,            0.,NA,NA,"""",       12.4314,   311.875E-15,      -10.0491,       7.31815,   438.324E-03,   2.21976E-15,  -258.034E-03,  -354.325E-03"
"C:/temp/ModalAnalysis.odb,Modal,Mode         3: Value =  2.40821E+06 Freq =   246.98     (cycles/time),""LINK-1"",            23,          440.,            0.,            0.,NA,NA,"""",       21.5758,   350.109E-15,      -17.4411,       12.7013,   452.836E-03,   1.33417E-15,  -266.577E-03,  -366.056E-03"
"C:/temp/ModalAnalysis.odb,Modal,Mode         3: Value =  2.40821E+06 Freq =   246.98     (cycles/time),""LINK-1"",            24,          460.,            0.,            0.,NA,NA,"""",       30.9059,   374.877E-15,      -24.9832,       18.1938,   461.160E-03,  -1.70853E-15,  -271.477E-03,  -372.785E-03"
"C:/temp/ModalAnalysis.odb,Modal,Mode         3: Value =  2.40821E+06 Freq =   246.98     (cycles/time),""LINK-1"",            25,          480.,            0.,            0.,NA,NA,"""",       40.2939,   392.184E-15,      -32.5722,       23.7203,   464.747E-03,  -2.64195E-15,  -273.588E-03,  -375.684E-03"
"C:/temp/ModalAnalysis.odb,Modal,Mode         3: Value =  2.40821E+06 Freq =   246.98     (cycles/time),""LINK-1"",            26,          500.,            0.,            0.,NA,NA,"""",       49.6462,   395.045E-15,      -40.1322,       29.2259,   465.570E-03,   8.84400E-15,  -274.073E-03,  -376.350E-03"
"C:/temp/ModalAnalysis.odb,Modal,Mode         4: Value =  2.40821E+06 Freq =   246.98     (cycles/time),""LINK-1"",             1,            0.,            0.,            0.,NA,NA,"""",            0.,            0.,            0.,            0.,            0.,            0.,            0.,            0."
"C:/temp/ModalAnalysis.odb,Modal,Mode         4: Value =  2.40821E+06 Freq =   246.98     (cycles/time),""LINK-1"",             2,           20.,            0.,            0.,NA,NA,"""",       1.29413,  -82.0990E-18,   761.831E-03,       1.04613,   73.2492E-03,  -97.3879E-18,  -59.2120E-03,   43.1206E-03"
"C:/temp/ModalAnalysis.odb,Modal,Mode         4: Value =  2.40821E+06 Freq =   246.98     (cycles/time),""LINK-1"",             3,           40.,            0.,            0.,NA,NA,"""",       3.89323,   905.470E-18,       2.29188,       3.14715,   130.754E-03,   863.597E-18,  -105.697E-03,   76.9725E-03"
"C:/temp/ModalAnalysis.odb,Modal,Mode         4: Value =  2.40821E+06 Freq =   246.98     (cycles/time),""LINK-1"",             4,           60.,            0.,            0.,NA,NA,"""",       7.47838,   1.98410E-15,       4.40239,       6.04525,   172.625E-03,   1.26911E-15,  -139.543E-03,   101.621E-03"
"C:/temp/ModalAnalysis.odb,Modal,Mode         4: Value =  2.40821E+06 Freq =   246.98     (cycles/time),""LINK-1"",             5,           80.,            0.,            0.,NA,NA,"""",       11.7327,   2.73247E-15,       6.90684,       9.48430,   199.153E-03,   755.709E-18,  -160.988E-03,   117.238E-03"
"C:/temp/ModalAnalysis.odb,Modal,Mode         4: Value =  2.40821E+06 Freq =   246.98     (cycles/time),""LINK-1"",             6,          100.,            0.,            0.,NA,NA,"""",       16.3461,   3.39859E-15,       9.62268,       13.2136,   210.856E-03,   1.15462E-15,  -170.448E-03,   124.127E-03"
"C:/temp/ModalAnalysis.odb,Modal,Mode         4: Value =  2.40821E+06 Freq =   246.98     (cycles/time),""LINK-1"",             7,          120.,            0.,            0.,NA,NA,"""",       21.0207,   3.70891E-15,       12.3745,       16.9924,   208.506E-03,   1.09784E-15,  -168.549E-03,   122.744E-03"
"C:/temp/ModalAnalysis.odb,Modal,Mode         4: Value =  2.40821E+06 Freq =   246.98     (cycles/time),""LINK-1"",             8,          140.,            0.,            0.,NA,NA,"""",       25.4765,   3.42970E-15,       14.9976,       20.5943,   193.142E-03,   1.17917E-15,  -156.129E-03,   113.699E-03"
"C:/temp/ModalAnalysis.odb,Modal,Mode         4: Value =  2.40821E+06 Freq =   246.98     (cycles/time),""LINK-1"",             9,          160.,            0.,            0.,NA,NA,"""",       29.4574,   3.43361E-15,       17.3411,       23.8123,   166.061E-03,   1.43069E-15,  -134.238E-03,   97.7575E-03"
"C:/temp/ModalAnalysis.odb,Modal,Mode         4: Value =  2.40821E+06 Freq =   246.98     (cycles/time),""LINK-1"",            10,          180.,            0.,            0.,NA,NA,"""",       32.7367,   3.90784E-15,       19.2715,       26.4631,   128.805E-03,   2.56983E-15,  -104.121E-03,   75.8252E-03"
"C:/temp/ModalAnalysis.odb,Modal,Mode         4: Value =  2.40821E+06 Freq =   246.98     (cycles/time),""LINK-1"",            11,          200.,            0.,            0.,NA,NA,"""",       35.1216,   2.93997E-15,       20.6755,       28.3911,   83.1190E-03,   1.84742E-15,  -67.1904E-03,   48.9307E-03"
"C:/temp/ModalAnalysis.odb,Modal,Mode         4: Value =  2.40821E+06 Freq =   246.98     (cycles/time),""LINK-1"",            12,          220.,            0.,            0.,NA,NA,"""",       36.4582,   3.22533E-15,       21.4623,       29.4715,   30.9128E-03,   1.59234E-15,  -24.9888E-03,   18.1978E-03"
"C:/temp/ModalAnalysis.odb,Modal,Mode         4: Value =  2.40821E+06 Freq =   246.98     (cycles/time),""LINK-1"",            13,          240.,            0.,            0.,NA,NA,"""",       36.6333,   3.51808E-15,       21.5654,       29.6131,   25.7977E-03,   2.44116E-15,   20.8540E-03,  -15.1867E-03"
"C:/temp/ModalAnalysis.odb,Modal,Mode         4: Value =  2.40821E+06 Freq =   246.98     (cycles/time),""LINK-1"",            14,          260.,            0.,            0.,NA,NA,"""",       35.5773,   2.84398E-15,       20.9438,       28.7594,   84.9521E-03,   2.75281E-15,   68.6722E-03,  -50.0099E-03"
"C:/temp/ModalAnalysis.odb,Modal,Mode         4: Value =  2.40821E+06 Freq =   246.98     (cycles/time),""LINK-1"",            15,          280.,            0.,            0.,NA,NA,"""",       33.2637,   3.27886E-15,       19.5818,       26.8892,   144.513E-03,   2.52980E-15,   116.819E-03,  -85.0722E-03"
"C:/temp/ModalAnalysis.odb,Modal,Mode         4: Value =  2.40821E+06 Freq =   246.98     (cycles/time),""LINK-1"",            16,          300.,            0.,            0.,NA,NA,"""",       29.7084,   4.13516E-15,       17.4888,       24.0152,   202.536E-03,   2.21251E-15,   163.722E-03,  -119.229E-03"
"C:/temp/ModalAnalysis.odb,Modal,Mode         4: Value =  2.40821E+06 Freq =   246.98     (cycles/time),""LINK-1"",            17,          320.,            0.,            0.,NA,NA,"""",       24.9669,   4.62240E-15,       14.6976,       20.1824,   257.240E-03,   2.72616E-15,   207.943E-03,  -151.433E-03"
"C:/temp/ModalAnalysis.odb,Modal,Mode         4: Value =  2.40821E+06 Freq =   246.98     (cycles/time),""LINK-1"",            18,          340.,            0.,            0.,NA,NA,"""",       19.1307,   4.57487E-15,       11.2619,       15.4646,   307.077E-03,   3.45588E-15,   248.230E-03,  -180.771E-03"
"C:/temp/ModalAnalysis.odb,Modal,Mode         4: Value =  2.40821E+06 Freq =   246.98     (cycles/time),""LINK-1"",            19,          360.,            0.,            0.,NA,NA,"""",       12.3210,   3.97179E-15,       7.25315,       9.95984,   350.795E-03,   3.05583E-15,   283.570E-03,  -206.507E-03"
"C:/temp/ModalAnalysis.odb,Modal,Mode         4: Value =  2.40821E+06 Freq =   246.98     (cycles/time),""LINK-1"",            20,          380.,            0.,            0.,NA,NA,"""",       4.68269,   4.45140E-15,       2.75662,       3.78531,   387.497E-03,   2.91371E-15,   313.238E-03,  -228.113E-03"
"C:/temp/ModalAnalysis.odb,Modal,Mode         4: Value =  2.40821E+06 Freq =   246.98     (cycles/time),""LINK-1"",            21,          400.,            0.,            0.,NA,NA,"""",       3.62381,   4.76136E-15,      -2.13327,      -2.92936,   416.688E-03,   2.45532E-15,   336.836E-03,  -245.297E-03"
"C:/temp/ModalAnalysis.odb,Modal,Mode         4: Value =  2.40821E+06 Freq =   246.98     (cycles/time),""LINK-1"",            22,          420.,            0.,            0.,NA,NA,"""",       12.4314,   5.07977E-15,      -7.31815,      -10.0491,   438.324E-03,   2.42766E-15,   354.325E-03,  -258.034E-03"
"C:/temp/ModalAnalysis.odb,Modal,Mode         4: Value =  2.40821E+06 Freq =   246.98     (cycles/time),""LINK-1"",            23,          440.,            0.,            0.,NA,NA,"""",       21.5758,   3.39832E-15,      -12.7013,      -17.4411,   452.836E-03,   2.37010E-15,   366.056E-03,  -266.577E-03"
"C:/temp/ModalAnalysis.odb,Modal,Mode         4: Value =  2.40821E+06 Freq =   246.98     (cycles/time),""LINK-1"",            24,          460.,            0.,            0.,NA,NA,"""",       30.9059,   3.72198E-15,      -18.1938,      -24.9832,   461.160E-03,   2.68531E-15,   372.785E-03,  -271.477E-03"
"C:/temp/ModalAnalysis.odb,Modal,Mode         4: Value =  2.40821E+06 Freq =   246.98     (cycles/time),""LINK-1"",            25,          480.,            0.,            0.,NA,NA,"""",       40.2939,   3.56413E-15,      -23.7203,      -32.5722,   464.747E-03,   3.15676E-15,   375.684E-03,  -273.588E-03"
"C:/temp/ModalAnalysis.odb,Modal,Mode         4: Value =  2.40821E+06 Freq =   246.98     (cycles/time),""LINK-1"",            26,          500.,            0.,            0.,NA,NA,"""",       49.6462,   4.36101E-15,      -29.2259,      -40.1322,   465.570E-03,   2.70970E-15,   376.350E-03,  -274.073E-03"
"C:/temp/ModalAnalysis.odb,Modal,Mode         5: Value =  4.96254E+06 Freq =   354.55     (cycles/time),""LINK-1"",             1,            0.,            0.,            0.,NA,NA,"""",            0.,            0.,            0.,            0.,            0.,            0.,            0.,            0."
"C:/temp/ModalAnalysis.odb,Modal,Mode         5: Value =  4.96254E+06 Freq =   354.55     (cycles/time),""LINK-1"",             2,           20.,            0.,            0.,NA,NA,"""",   83.0375E-15,  -328.716E-18,   55.2242E-15,  -62.0114E-15,   112.323E-03,   112.323E-03,   3.35754E-15,  -3.48288E-15"
"C:/temp/ModalAnalysis.odb,Modal,Mode         5: Value =  4.96254E+06 Freq =   354.55     (cycles/time),""LINK-1"",             3,           40.,            0.,            0.,NA,NA,"""",   117.867E-15,  -11.3105E-15,   73.0638E-15,  -91.7950E-15,   224.203E-03,   224.203E-03,   661.417E-18,  -1.86838E-15"
"C:/temp/ModalAnalysis.odb,Modal,Mode         5: Value =  4.96254E+06 Freq =   354.55     (cycles/time),""LINK-1"",             4,           60.,            0.,            0.,NA,NA,"""",   98.1801E-15,  -18.3118E-15,   60.3338E-15,  -75.2584E-15,   335.198E-03,   335.198E-03,   2.27034E-15,  -5.82657E-15"
"C:/temp/ModalAnalysis.odb,Modal,Mode         5: Value =  4.96254E+06 Freq =   354.55     (cycles/time),""LINK-1"",             5,           80.,            0.,            0.,NA,NA,"""",   66.8918E-15,  -17.2889E-15,  -2.52270E-15,  -64.5697E-15,   444.870E-03,   444.870E-03,   2.25694E-15,  -2.08960E-15"
"C:/temp/ModalAnalysis.odb,Modal,Mode         5: Value =  4.96254E+06 Freq =   354.55     (cycles/time),""LINK-1"",             6,          100.,            0.,            0.,NA,NA,"""",   98.6027E-15,  -12.4501E-15,  -69.8181E-15,  -68.5050E-15,   552.786E-03,   552.786E-03,  -1.90317E-15,   2.48614E-15"
"C:/temp/ModalAnalysis.odb,Modal,Mode         5: Value =  4.96254E+06 Freq =   354.55     (cycles/time),""LINK-1"",             7,          120.,            0.,            0.,NA,NA,"""",   130.887E-15,  -9.11623E-15,  -116.989E-15,  -57.9822E-15,   658.521E-03,   658.521E-03,  -5.48159E-15,  -5.85132E-15"
"C:/temp/ModalAnalysis.odb,Modal,Mode         5: Value =  4.96254E+06 Freq =   354.55     (cycles/time),""LINK-1"",             8,          140.,            0.,            0.,NA,NA,"""",   95.5210E-15,   8.75016E-15,  -82.5955E-15,  -47.1772E-15,   761.657E-03,   761.657E-03,   4.32518E-15,   5.38312E-15"
"C:/temp/ModalAnalysis.odb,Modal,Mode         5: Value =  4.96254E+06 Freq =   354.55     (cycles/time),""LINK-1"",             9,          160.,            0.,            0.,NA,NA,"""",   134.125E-15,   18.8792E-15,  -77.1815E-15,  -108.055E-15,   861.787E-03,   861.787E-03,  -1.05959E-15,   4.60359E-15"
"C:/temp/ModalAnalysis.odb,Modal,Mode         5: Value =  4.96254E+06 Freq =   354.55     (cycles/time),""LINK-1"",            10,          180.,            0.,            0.,NA,NA,"""",   137.565E-15,   25.7179E-15,  -82.1996E-15,  -107.265E-15,   958.516E-03,   958.516E-03,   6.88504E-15,  -2.16472E-15"
"C:/temp/ModalAnalysis.odb,Modal,Mode         5: Value =  4.96254E+06 Freq =   354.55     (cycles/time),""LINK-1"",            11,          200.,            0.,            0.,NA,NA,"""",   171.103E-15,   36.0239E-15,  -33.1274E-15,  -163.955E-15,       1.05146,       1.05146,   5.92228E-15,  -4.31363E-15"
"C:/temp/ModalAnalysis.odb,Modal,Mode         5: Value =  4.96254E+06 Freq =   354.55     (cycles/time),""LINK-1"",            12,          220.,            0.,            0.,NA,NA,"""",   111.778E-15,   21.6470E-15,  -2.98387E-15,  -109.621E-15,       1.14026,       1.14026,  -1.34330E-15,  -5.91831E-15"
"C:/temp/ModalAnalysis.odb,Modal,Mode         5: Value =  4.96254E+06 Freq =   354.55     (cycles/time),""LINK-1"",            13,          240.,            0.,            0.,NA,NA,"""",   103.896E-15,   18.3114E-15,   13.2635E-15,  -101.406E-15,       1.22456,       1.22456,   761.829E-18,  -771.071E-18"
"C:/temp/ModalAnalysis.odb,Modal,Mode         5: Value =  4.96254E+06 Freq =   354.55     (cycles/time),""LINK-1"",            14,          260.,            0.,            0.,NA,NA,"""",   55.8728E-15,   27.6281E-15,  -36.0987E-15,  -32.4860E-15,       1.30402,       1.30402,  -7.39412E-15,  -4.89856E-15"
"C:/temp/ModalAnalysis.odb,Modal,Mode         5: Value =  4.96254E+06 Freq =   354.55     (cycles/time),""LINK-1"",            15,          280.,            0.,            0.,NA,NA,"""",   67.1185E-15,   23.4144E-15,   11.7776E-15,  -61.7895E-15,       1.37834,       1.37834,  -5.75793E-15,  -724.687E-18"
"C:/temp/ModalAnalysis.odb,Modal,Mode         5: Value =  4.96254E+06 Freq =   354.55     (cycles/time),""LINK-1"",            16,          300.,            0.,            0.,NA,NA,"""",   104.674E-15,   12.6312E-15,  -65.1280E-15,   80.9658E-15,       1.44721,       1.44721,   1.53287E-15,  -3.14046E-15"
"C:/temp/ModalAnalysis.odb,Modal,Mode         5: Value =  4.96254E+06 Freq =   354.55     (cycles/time),""LINK-1"",            17,          320.,            0.,            0.,NA,NA,"""",   239.402E-15,   14.6741E-15,  -211.760E-15,   110.706E-15,       1.51038,       1.51038,   556.147E-18,  -1.11505E-15"
"C:/temp/ModalAnalysis.odb,Modal,Mode         5: Value =  4.96254E+06 Freq =   354.55     (cycles/time),""LINK-1"",            18,          340.,            0.,            0.,NA,NA,"""",   86.2744E-15,   21.7920E-15,  -4.73772E-15,   83.3423E-15,       1.56758,       1.56758,  -7.68300E-15,  -2.86571E-15"
"C:/temp/ModalAnalysis.odb,Modal,Mode         5: Value =  4.96254E+06 Freq =   354.55     (cycles/time),""LINK-1"",            19,          360.,            0.,            0.,NA,NA,"""",   74.3069E-15,   31.4005E-15,  -47.6794E-15,  -47.5626E-15,       1.61860,       1.61860,   3.20137E-15,   1.50088E-15"
"C:/temp/ModalAnalysis.odb,Modal,Mode         5: Value =  4.96254E+06 Freq =   354.55     (cycles/time),""LINK-1"",            20,          380.,            0.,            0.,NA,NA,"""",   215.069E-15,   49.3887E-15,   109.382E-15,   178.469E-15,       1.66323,       1.66323,   7.25344E-15,   131.819E-18"
"C:/temp/ModalAnalysis.odb,Modal,Mode         5: Value =  4.96254E+06 Freq =   354.55     (cycles/time),""LINK-1"",            21,          400.,            0.,            0.,NA,NA,"""",   222.696E-15,   61.5230E-15,   111.818E-15,   182.497E-15,       1.70130,       1.70130,  -4.72461E-15,  -657.097E-18"
"C:/temp/ModalAnalysis.odb,Modal,Mode         5: Value =  4.96254E+06 Freq =   354.55     (cycles/time),""LINK-1"",            22,          420.,            0.,            0.,NA,NA,"""",   280.155E-15,   64.1553E-15,   158.325E-15,   222.044E-15,       1.73265,       1.73265,  -1.35377E-15,  -6.54786E-15"
"C:/temp/ModalAnalysis.odb,Modal,Mode         5: Value =  4.96254E+06 Freq =   354.55     (cycles/time),""LINK-1"",            23,          440.,            0.,            0.,NA,NA,"""",   194.281E-15,   88.2509E-15,   152.743E-15,  -81.4019E-15,       1.75717,       1.75717,   3.07888E-15,  -1.77309E-15"
"C:/temp/ModalAnalysis.odb,Modal,Mode         5: Value =  4.96254E+06 Freq =   354.55     (cycles/time),""LINK-1"",            24,          460.,            0.,            0.,NA,NA,"""",   183.766E-15,   98.8179E-15,   116.798E-15,  -101.800E-15,       1.77475,       1.77475,  -384.693E-18,   9.09523E-15"
"C:/temp/ModalAnalysis.odb,Modal,Mode         5: Value =  4.96254E+06 Freq =   354.55     (cycles/time),""LINK-1"",            25,          480.,            0.,            0.,NA,NA,"""",   216.488E-15,   105.933E-15,  -186.264E-15,  -30.8387E-15,       1.78532,       1.78532,   1.37542E-15,   3.24751E-15"
"C:/temp/ModalAnalysis.odb,Modal,Mode         5: Value =  4.96254E+06 Freq =   354.55     (cycles/time),""LINK-1"",            26,          500.,            0.,            0.,NA,NA,"""",   148.423E-15,   107.631E-15,   97.3865E-15,   30.9988E-15,       1.78885,       1.78885,   1.99936E-15,  -804.555E-18"
"C:/temp/ModalAnalysis.odb,Modal,Mode         6: Value =  1.64439E+07 Freq =   645.39     (cycles/time),""LINK-1"",             1,            0.,            0.,            0.,NA,NA,"""",            0.,            0.,            0.,            0.,            0.,            0.,            0.,            0."
"C:/temp/ModalAnalysis.odb,Modal,Mode         6: Value =  1.64439E+07 Freq =   645.39     (cycles/time),""LINK-1"",             2,           20.,            0.,            0.,NA,NA,"""",       2.29279,      -2.29279,   309.537E-12,  -289.044E-12,   3.14740E-12,  -3.11983E-12,   404.709E-15,  -94.6918E-15"
"C:/temp/ModalAnalysis.odb,Modal,Mode         6: Value =  1.64439E+07 Freq =   645.39     (cycles/time),""LINK-1"",             3,           40.,            0.,            0.,NA,NA,"""",       4.57652,      -4.57652,   348.022E-12,  -390.381E-12,   6.97832E-12,  -2.42686E-12,  -4.03956E-12,  -5.14677E-12"
"C:/temp/ModalAnalysis.odb,Modal,Mode         6: Value =  1.64439E+07 Freq =   645.39     (cycles/time),""LINK-1"",             4,           60.,            0.,            0.,NA,NA,"""",       6.84220,      -6.84220,   55.3396E-12,  -191.559E-12,   12.8030E-12,   2.06490E-12,  -8.73007E-12,  -9.13448E-12"
"C:/temp/ModalAnalysis.odb,Modal,Mode         6: Value =  1.64439E+07 Freq =   645.39     (cycles/time),""LINK-1"",             5,           80.,            0.,            0.,NA,NA,"""",       9.08087,      -9.08087,  -263.684E-12,   162.104E-12,   11.5291E-12,   2.11089E-12,  -9.96366E-12,  -5.40271E-12"
"C:/temp/ModalAnalysis.odb,Modal,Mode         6: Value =  1.64439E+07 Freq =   645.39     (cycles/time),""LINK-1"",             6,          100.,            0.,            0.,NA,NA,"""",       11.2837,      -11.2837,  -319.009E-12,   366.726E-12,   3.15852E-12,  -834.182E-15,  -2.57651E-12,   1.62543E-12"
"C:/temp/ModalAnalysis.odb,Modal,Mode         6: Value =  1.64439E+07 Freq =   645.39     (cycles/time),""LINK-1"",             7,          120.,            0.,            0.,NA,NA,"""",       13.4420,      -13.4420,  -118.376E-12,   215.132E-12,   8.19423E-12,  -3.19441E-12,   4.46250E-12,   6.08499E-12"
"C:/temp/ModalAnalysis.odb,Modal,Mode         6: Value =  1.64439E+07 Freq =   645.39     (cycles/time),""LINK-1"",             8,          140.,            0.,            0.,NA,NA,"""",       15.5473,      -15.5473,   105.300E-12,  -150.122E-12,   4.74926E-12,   1.64874E-12,   3.13660E-12,   3.16210E-12"
"C:/temp/ModalAnalysis.odb,Modal,Mode         6: Value =  1.64439E+07 Freq =   645.39     (cycles/time),""LINK-1"",             9,          160.,            0.,            0.,NA,NA,"""",       17.5912,      -17.5912,   163.208E-12,  -346.821E-12,   3.48501E-12,   2.18959E-12,  -2.31413E-12,  -1.41273E-12"
"C:/temp/ModalAnalysis.odb,Modal,Mode         6: Value =  1.64439E+07 Freq =   645.39     (cycles/time),""LINK-1"",            10,          180.,            0.,            0.,NA,NA,"""",       19.5656,      -19.5656,   44.8769E-12,  -200.961E-12,   9.31622E-12,  -82.3643E-15,  -8.84259E-12,  -2.93152E-12"
"C:/temp/ModalAnalysis.odb,Modal,Mode         6: Value =  1.64439E+07 Freq =   645.39     (cycles/time),""LINK-1"",            11,          200.,            0.,            0.,NA,NA,"""",       21.4629,      -21.4629,  -128.105E-12,   85.7018E-12,   9.79089E-12,  -26.6917E-15,  -9.71876E-12,  -1.18596E-12"
"C:/temp/ModalAnalysis.odb,Modal,Mode         6: Value =  1.64439E+07 Freq =   645.39     (cycles/time),""LINK-1"",            12,          220.,            0.,            0.,NA,NA,"""",       23.2754,      -23.2754,  -188.244E-12,   237.341E-12,   4.71666E-12,   1.25785E-12,  -4.35540E-12,   1.30197E-12"
"C:/temp/ModalAnalysis.odb,Modal,Mode         6: Value =  1.64439E+07 Freq =   645.39     (cycles/time),""LINK-1"",            13,          240.,            0.,            0.,NA,NA,"""",       24.9961,      -24.9961,  -86.3835E-12,   169.114E-12,   4.01301E-12,  -3.06556E-12,  -953.460E-15,   2.40780E-12"
"C:/temp/ModalAnalysis.odb,Modal,Mode         6: Value =  1.64439E+07 Freq =   645.39     (cycles/time),""LINK-1"",            14,          260.,            0.,            0.,NA,NA,"""",       26.6182,      -26.6182,   49.1901E-12,  -10.2804E-12,   4.73731E-12,  -2.38850E-12,   646.504E-15,   4.03971E-12"
"C:/temp/ModalAnalysis.odb,Modal,Mode         6: Value =  1.64439E+07 Freq =   645.39     (cycles/time),""LINK-1"",            15,          280.,            0.,            0.,NA,NA,"""",       28.1352,      -28.1352,   98.1304E-12,  -140.362E-12,   3.61249E-12,   2.07899E-12,  -745.253E-15,   2.85875E-12"
"C:/temp/ModalAnalysis.odb,Modal,Mode         6: Value =  1.64439E+07 Freq =   645.39     (cycles/time),""LINK-1"",            16,          300.,            0.,            0.,NA,NA,"""",       29.5411,      -29.5411,   93.4532E-12,  -155.531E-12,   3.97901E-12,   2.35090E-12,  -3.21011E-12,   31.7302E-15"
"C:/temp/ModalAnalysis.odb,Modal,Mode         6: Value =  1.64439E+07 Freq =   645.39     (cycles/time),""LINK-1"",            17,          320.,            0.,            0.,NA,NA,"""",       30.8305,      -30.8305,   78.1584E-12,  -70.5464E-12,   5.23529E-12,  -1.78123E-12,  -4.91857E-12,   207.564E-15"
"C:/temp/ModalAnalysis.odb,Modal,Mode         6: Value =  1.64439E+07 Freq =   645.39     (cycles/time),""LINK-1"",            18,          340.,            0.,            0.,NA,NA,"""",       31.9982,      -31.9982,   44.0591E-12,   58.5328E-12,   4.00843E-12,  -819.552E-15,  -3.90675E-12,  -364.801E-15"
"C:/temp/ModalAnalysis.odb,Modal,Mode         6: Value =  1.64439E+07 Freq =   645.39     (cycles/time),""LINK-1"",            19,          360.,            0.,            0.,NA,NA,"""",       33.0396,      -33.0396,   3.80639E-12,   138.903E-12,   1.22840E-12,   1.17138E-12,   366.098E-15,   52.9144E-15"
"C:/temp/ModalAnalysis.odb,Modal,Mode         6: Value =  1.64439E+07 Freq =   645.39     (cycles/time),""LINK-1"",            20,          380.,            0.,            0.,NA,NA,"""",       33.9506,      -33.9506,  -18.1069E-12,   91.6344E-12,   4.01447E-12,   2.90600E-12,   2.66288E-12,  -761.732E-15"
"C:/temp/ModalAnalysis.odb,Modal,Mode         6: Value =  1.64439E+07 Freq =   645.39     (cycles/time),""LINK-1"",            21,          400.,            0.,            0.,NA,NA,"""",       34.7277,      -34.7277,  -26.3006E-12,  -31.4476E-12,   5.33584E-12,   831.066E-15,   5.26601E-12,   222.859E-15"
"C:/temp/ModalAnalysis.odb,Modal,Mode         6: Value =  1.64439E+07 Freq =   645.39     (cycles/time),""LINK-1"",            22,          420.,            0.,            0.,NA,NA,"""",       35.3677,      -35.3677,  -20.5749E-12,  -110.161E-12,   3.07117E-12,  -2.13099E-12,   2.21007E-12,  -81.1086E-15"
"C:/temp/ModalAnalysis.odb,Modal,Mode         6: Value =  1.64439E+07 Freq =   645.39     (cycles/time),""LINK-1"",            23,          440.,            0.,            0.,NA,NA,"""",       35.8681,      -35.8681,   21.4462E-12,  -78.7869E-12,   5.36855E-12,  -4.96989E-12,   1.99171E-12,  -393.275E-15"
"C:/temp/ModalAnalysis.odb,Modal,Mode         6: Value =  1.64439E+07 Freq =   645.39     (cycles/time),""LINK-1"",            24,          460.,            0.,            0.,NA,NA,"""",       36.2269,      -36.2269,   71.7622E-12,   20.5848E-12,   4.85217E-12,  -2.63627E-12,   908.299E-15,  -3.97097E-12"
"C:/temp/ModalAnalysis.odb,Modal,Mode         6: Value =  1.64439E+07 Freq =   645.39     (cycles/time),""LINK-1"",            25,          480.,            0.,            0.,NA,NA,"""",       36.4428,      -36.4428,   12.2784E-12,   74.5333E-12,   8.31553E-12,   2.55057E-12,   2.22972E-12,  -7.59414E-12"
"C:/temp/ModalAnalysis.odb,Modal,Mode         6: Value =  1.64439E+07 Freq =   645.39     (cycles/time),""LINK-1"",            26,          500.,            0.,            0.,NA,NA,"""",       36.5148,      -36.5148,  -219.750E-12,  -4.80151E-12,   12.6808E-12,   7.14739E-12,   4.54521E-12,  -9.43712E-12"
